CustomerID,net_sales,total_quantity,invoice_count,purchase_invoice_count,avg_order_value
12415,123725.45,76946,26,21,5891.69
18102,256438.49,64122,62,60,4273.97
17450,187322.17,69009,55,46,4072.22
14088,50415.49,12593,14,13,3878.11
14646,279489.02,196143,76,73,3828.62
12753,21024.01,11250,11,6,3504.0
14096,57120.909999999996,16335,34,17,3360.05
17511,88125.38,63012,46,31,2842.75
13081,27964.48,18929,21,11,2542.23
12557,11990.960000000001,4384,5,5,2398.19
16684,65892.08,49390,31,28,2353.29
12931,33462.81,23377,20,15,2230.85
12477,13117.01,3620,9,6,2186.17
14156,113214.59,56908,66,55,2058.45
17404,30300.82,32324,18,15,2020.05
15769,51823.72,27660,29,26,1993.22
12433,13375.87,11071,7,7,1910.84
12451,8933.52,6455,6,5,1786.7
15838,33350.76,9007,21,19,1755.3
17107,10362.48,4526,7,6,1727.08
14680,26932.34,12474,23,16,1683.27
12731,18793.41,8366,14,12,1566.12
13340,10736.48,5770,7,7,1533.78
12678,17588.26,10899,13,12,1465.69
12939,11581.8,4876,8,8,1447.72
14258,12650.08,7098,10,9,1405.56
18139,8393.22,5461,8,6,1398.87
12744,9120.39,5234,10,7,1302.91
14769,10383.83,7209,10,8,1297.98
16180,10217.48,5853,10,8,1277.18
13694,62690.54,61899,60,50,1253.81
16333,26626.8,32184,22,22,1210.31
14866,14197.45,6569,13,12,1183.12
16873,7066.31,3825,10,6,1177.72
17949,52750.84,27571,52,45,1172.24
16210,21086.3,7559,18,18,1171.46
17857,26763.34,19086,25,23,1163.62
14298,50862.44,58021,45,44,1155.96
13027,6912.0,17280,6,6,1152.0
15061,54228.74,28590,55,48,1129.77
12830,6748.4,9847,7,6,1124.73
17340,11891.18,5902,16,11,1081.02
16258,5203.51,2994,5,5,1040.7
13098,28658.88,15911,41,28,1023.53
14936,8117.42,4083,9,8,1014.68
12432,5059.32,1801,5,5,1011.86
12444,5005.46,1153,5,5,1001.09
12766,6989.63,3646,7,7,998.52
14101,5976.79,6942,6,6,996.13
15382,5927.86,4003,8,6,987.98
13941,4912.41,2307,7,5,982.48
17416,6838.34,4266,9,7,976.91
13093,7741.47,3943,13,8,967.68
16652,6654.26,3267,11,7,950.61
12714,4708.86,3069,5,5,941.77
15251,10327.11,6084,15,11,938.83
17389,31300.079999999998,7430,43,34,920.59
17396,7330.8,2005,8,8,916.35
12567,9114.94,4089,11,10,911.49
12472,6229.48,4020,13,7,889.93
17139,10567.87,5157,15,12,880.66
12428,7877.2,3503,12,9,875.24
14062,10464.85,5593,12,12,872.07
13225,6083.04,3352,8,7,869.01
13881,16989.52,10062,22,20,849.48
16029,53168.69,33632,76,63,843.95
17426,5022.26,3082,7,6,837.04
17602,5002.22,4100,8,6,833.7
18092,9065.76,4250,12,11,824.16
15640,12336.74,6538,17,15,822.45
17686,5739.46,2478,7,7,819.92
17338,6461.79,3054,10,8,807.72
12656,3982.72,1708,8,5,796.54
12980,7092.06,864,12,9,788.01
14733,9451.54,3725,15,12,787.63
14607,10981.1,7758,17,14,784.36
12540,13309.039999999999,6677,19,17,782.88
17593,3908.08,3083,6,5,781.62
13777,25748.350000000002,12804,41,33,780.25
16609,5450.96,2410,9,7,778.71
14961,7006.58,3692,12,9,778.51
12749,3868.2,1422,8,5,773.64
14031,14634.640000000001,5370,23,19,770.24
15513,14520.08,5545,22,19,764.21
17509,6069.24,3508,11,8,758.66
12705,6814.24,3973,14,9,757.14
13001,9765.07,5482,15,13,751.16
13523,3755.38,1745,6,5,751.08
12484,4480.87,2181,8,6,746.81
12502,3723.87,820,5,5,744.77
12637,5934.25,2982,10,8,741.78
15125,11117.05,5991,23,15,741.14
15727,5159.06,3063,7,7,737.01
15093,4410.14,3733,9,6,735.02
15903,5126.34,2409,8,7,732.33
16440,3640.67,2018,5,5,728.13
13209,5820.16,4232,11,8,727.52
13139,5055.79,2418,8,7,722.26
14505,5772.49,2723,11,8,721.56
14952,7912.79,3295,15,11,719.34
14422,4263.64,2906,6,6,710.61
16013,33366.25,13845,54,47,709.92
12626,6388.35,3350,13,9,709.82
13629,7792.36,4372,11,11,708.4
13324,7072.8,5200,12,10,707.28
15505,3497.14,2348,7,5,699.43
17381,20272.43,25646,30,29,699.05
17133,4892.240000000001,2730,7,7,698.89
14329,4889.14,3067,14,7,698.45
16705,13946.130000000001,5458,29,20,697.31
17735,13110.02,8439,19,19,690.0
13488,8910.61,4512,17,13,685.43
13988,4098.8,3025,9,6,683.13
13458,9537.92,5460,22,14,681.28
12621,13612.07,7404,23,20,680.6
14051,15477.34,3741,26,23,672.93
18055,6729.29,2447,11,10,672.93
13015,3339.64,1609,5,5,667.93
16422,33805.69,32592,75,51,662.86
14911,132458.73,76905,248,201,659.0
14004,4582.64,2668,7,7,654.66
15311,59284.19,37673,118,91,651.47
17675,20098.1,8278,41,31,648.33
12613,3218.98,1596,6,5,643.8
12627,4478.53,2752,7,7,639.79
13798,36352.87,23515,63,57,637.77
16327,3820.27,2560,6,6,636.71
16843,10183.82,10154,17,16,636.49
16655,3789.52,2363,6,6,631.59
12471,18705.52,7953,49,30,623.52
12681,13677.59,7518,27,22,621.71
17049,5589.83,2666,11,9,621.09
13090,8689.39,2194,18,14,620.67
15159,18573.68,11394,34,30,619.12
14235,3093.86,1947,6,5,618.77
15874,4330.67,2506,9,7,618.67
12709,9264.1,3808,26,15,617.61
14257,3087.27,1677,6,5,617.45
17059,3080.39,1850,5,5,616.08
12347,4310.0,2458,7,7,615.71
15998,3074.42,2028,6,5,614.88
17937,4301.22,1754,7,7,614.46
17428,17078.45,9435,33,28,609.94
15023,6680.81,2819,12,11,607.35
16709,3029.87,851,5,5,605.97
13381,3626.81,2027,7,6,604.47
16265,5423.15,2627,11,9,602.57
15296,3610.31,1757,10,6,601.72
12670,2986.15,1391,6,5,597.23
17365,4767.36,4749,8,8,595.92
12476,6546.58,2337,20,11,595.14
17706,10097.37,3833,22,17,593.96
17203,3560.08,2846,6,6,593.35
13089,57322.13,30742,118,97,590.95
14503,3543.26,2004,6,6,590.54
15856,15929.74,10802,31,27,589.99
14146,2949.57,1886,6,5,589.91
13384,4122.28,2415,9,7,588.9
13097,5886.12,2338,14,10,588.61
17160,3518.03,2856,6,6,586.34
16131,3506.54,1802,6,6,584.42
12906,2919.81,1749,5,5,583.96
12901,16293.1,20915,36,28,581.9
13520,3487.75,1642,8,6,581.29
13448,3460.9900000000002,1626,10,6,576.83
14251,2879.7000000000003,1674,5,5,575.94
14005,2874.72,2478,5,5,574.94
13901,2867.2,1739,5,5,573.44
16656,8568.24,8873,21,15,571.22
14367,9134.12,4398,19,16,570.88
12408,2842.57,1399,9,5,568.51
13451,2838.56,2122,6,5,567.71
12473,2837.73,2338,9,5,567.55
12867,3958.74,4260,10,7,565.53
13198,3384.09,2645,8,6,564.02
12727,3947.7,2085,9,7,563.96
12524,4485.72,3699,8,8,560.72
16081,2799.42,1473,5,5,559.88
16360,3349.57,2094,8,6,558.26
12481,5574.36,3280,11,10,557.44
12643,3344.64,1808,6,6,557.44
14739,3899.1,3817,8,7,557.01
14895,11020.26,4823,24,20,551.01
14841,3295.76,1778,6,6,549.29
12683,8221.09,4903,20,15,548.07
17183,3286.9100000000003,1264,8,6,547.82
16003,2735.37,1185,5,5,547.07
16985,5461.62,1830,11,10,546.16
17723,3276.4000000000005,792,6,6,546.07
14903,2729.18,1486,10,5,545.84
16717,3263.06,1562,9,6,543.84
13435,3794.4900000000002,2125,9,7,542.07
12490,5417.93,3064,10,10,541.79
15299,3787.09,2940,11,7,541.01
15764,3245.47,2036,10,6,540.91
12664,4863.88,1202,10,9,540.43
12562,3781.7400000000002,1779,7,7,540.25
17677,16201.37,9722,43,30,540.05
14292,4819.33,1643,14,9,535.48
14194,11216.75,5783,32,21,534.13
15482,6393.52,2982,16,12,532.79
17050,3185.64,1595,6,6,530.94
15034,4243.21,2402,11,8,530.4
15150,5280.83,3617,11,10,528.08
17863,3160.0,2638,6,6,526.67
16618,2630.64,1362,6,5,526.13
15218,5756.89,3329,11,11,523.35
17819,3661.0699999999997,1027,8,7,523.01
13178,5725.47,3570,11,11,520.5
15379,3631.8900000000003,2293,8,7,518.84
12949,4143.02,2363,10,8,517.88
12520,2582.51,1430,6,5,516.5
12362,5154.58,2212,13,10,515.46
15491,3090.85,1624,7,6,515.14
15249,6657.36,3557,15,13,512.1
18272,3064.78,2044,7,6,510.8
16242,3574.91,1968,8,7,510.7
14390,4582.22,2122,13,9,509.14
13136,2545.38,1312,11,5,509.08
17865,10158.54,5698,27,20,507.93
13883,2538.75,1368,9,5,507.75
16767,5575.56,4423,11,11,506.87
13953,3515.68,2724,7,7,502.24
17567,4012.56,2428,10,8,501.57
15194,7521.17,5648,22,15,501.41
17716,5505.79,3004,12,11,500.53
14307,2995.72,2058,6,6,499.29
13969,8956.92,4469,20,18,497.61
12957,3979.04,2531,12,8,497.38
14907,3478.85,1686,10,7,496.98
12913,2483.63,1419,5,5,496.73
14546,2482.86,1283,9,5,496.57
16497,2965.69,1396,6,6,494.28
14547,3953.9500000000003,2629,9,8,494.24
17131,2463.17,983,5,5,492.63
14639,2952.34,1428,8,6,492.06
13536,3444.39,2126,7,7,492.06
13871,6389.8,2801,14,13,491.52
15974,3429.55,2256,8,7,489.94
12517,2443.65,1338,6,5,488.73
14944,5842.95,2801,14,12,486.91
13437,3408.06,1283,7,7,486.87
17669,3406.7200000000003,1916,7,7,486.67
13658,2421.47,1009,7,5,484.29
12779,3868.7,1996,12,8,483.59
15601,6745.36,4978,17,14,481.81
16633,2878.15,1137,7,6,479.69
12583,7187.34,5009,18,15,479.16
13709,6228.71,3493,17,13,479.13
13078,12432.28,5557,43,26,478.16
12685,2863.08,1523,6,6,477.18
13141,2385.8,1547,6,5,477.16
14530,2862.11,1395,6,6,477.02
16779,10436.05,5212,28,22,474.37
16556,3313.79,1890,7,7,473.4
14852,2836.69,1747,6,6,472.78
14493,2362.84,1279,7,5,472.57
14110,5669.65,2443,13,12,472.47
16553,5664.57,4595,14,12,472.05
18226,5192.1,3459,14,11,472.01
14440,2357.6800000000003,588,5,5,471.54
17173,3755.65,1121,9,8,469.46
13985,7024.53,3437,16,15,468.3
17061,5116.13,1484,12,11,465.1
14364,3717.35,1967,8,8,464.67
12388,2780.66,1462,6,6,463.44
15502,5541.46,3823,23,12,461.79
14290,2307.4500000000003,913,6,5,461.49
15288,2306.52,775,5,5,461.3
15785,2303.75,1594,8,5,460.75
16871,2761.4900000000002,1250,7,6,460.25
15498,12396.46,6084,35,27,459.13
15694,6423.6,1665,15,14,458.83
14796,7792.51,5912,27,17,458.38
13767,16945.71,7258,52,37,457.99
16107,3204.1600000000003,1176,7,7,457.74
16525,11895.57,6493,29,26,457.52
15708,3200.73,1208,11,7,457.25
12989,6854.51,2915,19,15,456.97
15845,3650.87,1918,10,8,456.36
14525,4105.07,2603,13,9,456.12
16187,6841.24,5004,17,15,456.08
13758,3190.55,1844,7,7,455.79
15443,3188.84,1636,8,7,455.55
16713,6827.88,4259,21,15,455.19
12782,2273.32,1070,6,5,454.66
17838,2267.4,1397,6,5,453.48
16550,2266.25,1526,9,5,453.25
17306,8600.73,11470,21,19,452.67
16209,2262.62,1179,5,5,452.52
13327,3617.57,1588,9,8,452.2
16839,15357.78,8470,39,34,451.7
14755,4965.38,2217,12,11,451.4
13654,2707.33,2182,6,6,451.22
18223,6315.2300000000005,2890,27,14,451.09
17685,3155.83,1907,7,7,450.83
15615,10360.04,5493,27,23,450.44
16771,2242.61,1487,5,5,448.52
17386,2686.42,1902,6,6,447.74
18225,5356.86,3204,17,12,446.4
13685,3119.44,5056,7,7,445.63
15044,7563.88,2776,22,17,444.93
13137,3557.96,2203,9,8,444.74
14415,5766.85,2958,18,13,443.6
13408,27487.41,16119,81,62,443.35
16735,2216.06,1513,7,5,443.21
12921,16389.74,9454,50,37,442.97
18097,2657.45,1661,7,6,442.91
16523,9295.67,4233,28,21,442.65
17528,3540.1,2130,11,8,442.51
13183,3957.78,2208,9,9,439.75
12721,2628.98,1954,7,6,438.16
13113,10510.0,2589,40,24,437.92
15179,2186.2,1907,7,5,437.24
18210,2621.38,1398,6,6,436.9
14226,2184.2400000000002,1289,7,5,436.85
16628,2183.04,1202,6,5,436.61
16218,3054.87,2077,8,7,436.41
16033,8690.03,3506,27,20,434.5
15722,2169.86,1018,6,5,433.97
15290,7803.7699999999995,4431,21,18,433.54
16133,14305.66,8737,46,33,433.5
17230,3466.67,1553,11,8,433.33
16456,2158.18,1147,5,5,431.64
16905,3020.65,1380,8,7,431.52
15410,3450.84,1200,8,8,431.36
18094,3017.3,2518,7,7,431.04
12955,4734.26,3642,14,11,430.39
18260,2580.15,1466,8,6,430.02
17017,8574.11,6613,27,20,428.71
17581,10716.31,5849,31,25,428.65
17858,5140.66,2694,12,12,428.39
15981,3408.48,1866,8,8,426.06
17758,3408.2000000000003,2054,8,8,426.02
12909,2128.83,1270,8,5,425.77
14676,2543.2400000000002,2498,8,6,423.87
12431,6348.89,2846,18,15,423.26
13632,2114.68,1030,6,5,422.94
14691,2114.33,707,5,5,422.87
17091,3802.81,1743,10,9,422.53
16745,7157.1,6711,18,17,421.01
15815,2100.6,1856,5,5,420.12
16686,2940.53,1972,9,7,420.08
14159,4615.64,4335,14,11,419.6
17400,2097.84,1088,5,5,419.57
13265,2092.66,1740,5,5,418.53
15039,19638.59,9113,52,47,417.84
15301,5007.72,2744,14,12,417.31
17924,2894.33,1141,13,7,413.48
16558,8257.04,5346,24,20,412.85
12928,2062.7000000000003,1472,5,5,412.54
12610,2057.99,1028,7,5,411.6
12518,2056.89,1318,5,5,411.38
12455,2466.86,2089,6,6,411.14
17667,2055.51,1033,5,5,411.1
18231,2054.67,806,6,5,410.93
13319,10664.34,4686,36,26,410.17
17682,2459.33,1365,7,6,409.89
14315,2456.98,1010,7,6,409.5
14232,2043.93,1937,8,5,408.79
17730,5288.83,3567,15,13,406.83
15939,6102.26,4725,16,15,406.82
13975,2438.19,1690,7,6,406.36
16875,2023.47,1044,9,5,404.69
16672,8093.59,2812,23,20,404.68
16409,2022.98,1304,5,5,404.6
13949,2427.32,2474,6,6,404.55
14766,2423.07,1323,8,6,403.84
16549,4034.9,2294,10,10,403.49
15089,2420.84,1359,6,6,403.47
17364,4437.23,2671,12,11,403.38
16143,2419.84,917,7,6,403.31
17596,2806.69,4376,7,7,400.96
13082,3595.48,4313,10,9,399.5
18069,1994.39,1293,7,5,398.88
12839,5583.62,3804,16,14,398.83
13495,1990.1200000000001,814,6,5,398.02
17739,2786.05,856,8,7,398.01
12417,3578.8,1539,12,9,397.64
17827,1987.33,1240,5,5,397.47
14388,3172.04,1933,10,8,396.5
14572,2775.39,1417,10,7,396.48
14112,2774.17,1608,12,7,396.31
16701,5150.2699999999995,6211,18,13,396.17
12682,12279.82,5555,31,31,396.12
17652,4737.13,2479,18,12,394.76
15544,3542.51,3105,11,9,393.61
15632,3147.31,2049,10,8,393.41
13593,1965.0800000000002,695,6,5,393.02
12474,7064.7699999999995,4750,30,18,392.49
14506,1960.65,704,5,5,392.13
17769,3920.08,1845,12,10,392.01
14426,3918.9,2339,16,10,391.89
17213,2741.08,1167,11,7,391.58
14498,1957.32,1098,5,5,391.46
15993,2736.92,2028,10,7,390.99
17554,1952.45,1763,5,5,390.49
14854,2730.09,1810,8,7,390.01
17651,3886.67,3100,14,10,388.67
18230,2716.6000000000004,1298,10,7,388.09
16700,5040.0,4019,17,13,387.69
15719,5028.42,2717,14,13,386.8
15755,2318.88,1397,8,6,386.48
15465,6945.0199999999995,1217,24,18,385.83
17809,4627.62,2015,15,12,385.64
15189,15802.14,6035,53,41,385.42
12910,3075.04,1692,8,8,384.38
14978,1921.3700000000001,523,5,5,384.27
15144,6530.04,3026,18,17,384.12
14107,2688.48,1788,8,7,384.07
15493,1918.86,546,7,5,383.77
16019,3450.2400000000002,1649,10,9,383.36
14395,3444.11,1685,12,9,382.68
12500,4206.27,2671,13,11,382.39
17744,2291.08,3376,7,6,381.85
12747,4196.01,1275,11,11,381.46
16150,1906.07,1004,10,5,381.21
14221,3427.85,2190,10,9,380.87
13994,2274.14,932,6,6,379.02
13993,3409.66,892,12,9,378.85
16191,4913.32,3203,25,13,377.95
14709,4911.14,2482,14,13,377.78
15671,2635.4900000000002,1681,10,7,376.5
13842,3385.62,1768,9,9,376.18
16128,1880.22,988,5,5,376.04
12598,3002.68,1940,9,8,375.34
14432,2248.5,2013,6,6,374.75
18172,7490.17,3170,25,20,374.51
15358,8235.65,6928,29,22,374.35
15752,2618.15,1955,8,7,374.02
15861,2981.92,2527,9,8,372.74
12726,2609.1,3143,7,7,372.73
13576,6703.3,2640,20,18,372.41
17463,1860.81,1081,6,5,372.16
14408,2599.03,1610,7,7,371.29
16746,6676.76,4657,19,18,370.93
13804,2588.39,1462,7,7,369.77
17469,1843.06,778,6,5,368.61
17442,2210.2599999999998,1490,10,6,368.38
13013,4786.99,2217,15,13,368.23
12383,1839.31,1529,6,5,367.86
13756,5145.12,3164,15,14,367.51
14868,2939.64,1399,9,8,367.46
17655,2571.7400000000002,956,8,7,367.39
14667,9165.04,5316,27,25,366.6
13831,2198.45,743,6,6,366.41
16670,4022.46,2524,17,11,365.68
12553,3652.25,1924,14,10,365.22
16153,1824.23,1073,5,5,364.85
18229,7276.900000000001,2488,20,20,363.84
17001,3989.57,2164,11,11,362.69
16722,4711.21,4989,16,13,362.4
16570,3622.95,2050,15,10,362.29
15572,2533.42,1213,7,7,361.92
15811,2171.32,1061,9,6,361.89
14057,6141.099999999999,4705,18,17,361.24
12381,1803.96,783,6,5,360.79
15152,4684.24,2694,16,13,360.33
15812,1801.14,922,5,5,360.23
16249,1800.07,950,5,5,360.01
12856,2153.53,1073,8,6,358.92
14191,4660.01,3657,14,13,358.46
15622,3224.53,1552,16,9,358.28
18245,2507.56,1781,8,7,358.22
17719,5367.8,2455,18,15,357.85
15529,3935.15,3448,12,11,357.74
17449,2503.21,1114,8,7,357.6
13875,1786.79,1316,5,5,357.36
12619,3214.81,3354,13,9,357.2
13317,2140.07,1003,9,6,356.68
16477,2494.46,1415,7,7,356.35
13481,1776.81,1127,8,5,355.36
13426,3550.7000000000003,2224,12,10,355.07
13269,5312.97,3508,17,15,354.2
17491,3541.92,2012,11,10,354.19
15594,1767.53,982,6,5,353.51
14621,1765.76,987,6,5,353.15
14800,4228.39,3623,16,12,352.37
17164,2466.4,1500,8,7,352.34
14291,3873.3,2748,12,11,352.12
12823,1759.5,230,5,5,351.9
14407,2111.08,1412,9,6,351.85
17873,1754.16,987,6,5,350.83
15547,4910.6,3999,14,14,350.76
14056,8062.46,4211,29,23,350.54
17419,4200.97,1872,14,12,350.08
15971,4199.85,1717,12,12,349.99
13808,1747.66,782,5,5,349.53
15674,1744.02,1075,8,5,348.8
17930,1740.48,1594,5,5,348.1
17457,1737.7,826,5,5,347.54
14673,1736.4,1004,5,5,347.28
12662,3817.08,2040,12,11,347.01
14515,2076.89,1110,6,6,346.15
14209,2067.13,688,7,6,344.52
16316,2755.56,1466,12,8,344.44
13870,2751.25,1320,10,8,343.91
15267,1717.36,944,5,5,343.47
17086,2050.08,1859,6,6,341.68
12407,1708.1200000000001,1416,5,5,341.62
16923,6488.3,3110,26,19,341.49
15570,4093.27,2054,13,12,341.11
13450,2043.7199999999998,1982,6,6,340.62
16145,3741.98,3072,18,11,340.18
13824,1698.94,768,5,5,339.79
16401,4061.24,3858,20,12,338.44
13971,2702.2200000000003,1818,11,8,337.78
17975,4388.06,1549,14,13,337.54
14640,2024.45,823,8,6,337.41
15370,2360.55,828,8,7,337.22
14482,2022.81,1627,6,6,337.14
15240,1685.57,1361,7,5,337.11
13014,3365.43,884,16,10,336.54
14188,2018.91,1145,10,6,336.48
15380,1682.3600000000001,374,6,5,336.47
14732,2686.34,1402,10,8,335.79
15140,2350.0,1567,8,7,335.71
16729,7041.69,5708,26,21,335.32
17656,1674.69,1399,5,5,334.94
13050,5684.61,3707,28,17,334.39
14456,3002.5099999999998,2878,14,9,333.61
17434,2333.42,1685,9,7,333.35
15796,2663.6600000000003,858,10,8,332.96
16156,2994.62,1235,13,9,332.74
16186,3991.94,3008,13,12,332.66
12912,1662.3,670,5,5,332.46
17612,1992.76,1787,10,6,332.13
12594,3320.2200000000003,1776,11,10,332.02
14227,3315.71,1811,15,10,331.57
15687,2981.5,1308,11,9,331.28
16711,1651.03,833,5,5,330.21
13750,1647.26,516,5,5,329.45
15046,4940.66,3228,16,15,329.38
13590,1976.12,1846,7,6,329.35
15105,2298.93,1211,7,7,328.42
17813,1641.79,739,7,5,328.36
15270,2298.2,1459,9,7,328.31
16712,3611.31,1730,11,11,328.3
15696,2619.11,1009,12,8,327.39
14262,2618.23,1645,8,8,327.28
17243,8491.75,3312,30,26,326.61
17754,1632.31,1767,6,5,326.46
12712,4241.63,1044,17,13,326.28
12684,2283.63,1985,7,7,326.23
16255,2609.3,1760,10,8,326.16
14132,3580.13,3366,12,11,325.47
17188,2275.58,1301,9,7,325.08
16515,1624.14,826,5,5,324.83
15172,1624.05,1611,5,5,324.81
13627,1624.02,1266,7,5,324.8
13418,5845.44,3839,23,18,324.75
14466,2272.4,1006,7,7,324.63
12757,4205.25,2378,19,13,323.48
14060,6135.38,5374,20,19,322.91
18161,1612.79,810,6,5,322.56
13999,3865.26,2231,15,12,322.1
15521,2574.65,1674,13,8,321.83
17841,39869.05,22628,169,124,321.52
17613,4494.77,2464,17,14,321.06
13854,8025.0199999999995,2278,29,25,321.0
18073,3846.7400000000002,3092,13,12,320.56
12528,1922.28,750,8,6,320.38
16992,1601.8600000000001,857,6,5,320.37
15628,2865.64,1882,10,9,318.4
15805,5411.87,3317,20,17,318.35
14409,1908.25,1158,7,6,318.04
14334,2539.46,1730,9,8,317.43
14299,2855.35,2013,18,9,317.26
13527,2218.61,1664,8,7,316.94
14210,1900.89,759,7,6,316.82
14849,7904.28,5656,28,25,316.17
13246,1896.32,1537,7,6,316.05
15298,3774.1,2752,14,12,314.51
17690,4717.3,1763,16,15,314.49
14719,1571.89,1024,6,5,314.38
17314,2514.76,1884,11,8,314.35
12853,1881.7,782,9,6,313.62
15955,4389.81,2124,16,14,313.56
16170,1880.4199999999998,1766,7,6,313.4
15129,3447.4,1794,11,11,313.4
17591,2192.7200000000003,999,8,7,313.25
14135,4690.31,3850,15,15,312.69
18239,1561.6100000000001,795,5,5,312.32
13004,5613.43,4796,22,18,311.86
13313,1555.32,851,5,5,311.06
14401,4039.98,4505,14,13,310.77
17085,1550.8,783,6,5,310.16
15117,1550.13,1947,6,5,310.03
13266,3717.67,4299,19,12,309.81
16743,2166.88,1998,8,7,309.55
13634,1547.3600000000001,700,5,5,309.47
17422,1853.1299999999999,2195,10,6,308.85
12935,2156.45,1852,8,7,308.06
13047,3079.1,1355,18,10,307.91
13397,1539.18,429,6,5,307.84
17231,3078.22,1718,14,10,307.82
15932,2461.85,2311,11,8,307.73
18180,1843.75,1721,6,6,307.29
14189,4604.31,3919,24,15,306.95
16966,2148.47,1978,10,7,306.92
17519,1839.07,1233,7,6,306.51
17725,3371.13,2141,14,11,306.47
15291,4596.51,2074,20,15,306.43
16283,1531.51,1222,7,5,306.3
14321,1530.75,2406,5,5,306.15
15750,2448.8,1776,9,8,306.1
12647,3669.92,1419,13,12,305.83
16057,2140.2200000000003,833,10,7,305.75
16814,6408.2,2696,22,21,305.15
17504,2745.2799999999997,1456,10,9,305.03
15203,1827.8,1753,6,6,304.63
16066,1521.04,935,5,5,304.21
13213,1518.43,1357,6,5,303.69
16748,1515.9,880,5,5,303.18
18109,7877.27,4212,31,26,302.97
16818,3317.97,2162,13,11,301.63
13650,1809.34,918,7,6,301.56
16979,1809.05,860,8,6,301.51
17799,3009.32,1750,11,10,300.93
15078,9623.35,5069,38,32,300.73
15738,4788.77,2967,19,16,299.3
17191,2093.68,1166,7,7,299.1
18198,5083.06,3839,21,17,299.0
18179,1793.17,1360,6,6,298.86
18122,1793.06,1225,6,6,298.84
15555,4747.89,4398,20,16,296.74
16395,1482.06,1472,5,5,296.41
14215,1777.92,1354,7,6,296.32
15804,3848.55,2513,19,13,296.04
14696,2070.97,1626,9,7,295.85
16841,1774.62,2234,7,6,295.77
18016,1477.66,1027,5,5,295.53
16681,1770.34,1407,6,6,295.06
17069,2655.2200000000003,1482,13,9,295.02
15864,1769.7800000000002,1044,8,6,294.96
13552,3539.53,1386,16,12,294.96
14030,2358.84,1478,8,8,294.86
14963,1472.34,1159,5,5,294.47
15527,2347.57,987,10,8,293.45
13668,6162.31,3617,29,21,293.44
12948,2053.7,1077,8,7,293.39
15220,1758.92,1377,7,6,293.15
17512,2920.04,2752,11,10,292.0
15187,4670.08,1869,18,16,291.88
13309,1456.79,1544,5,5,291.36
12483,2327.13,1097,13,8,290.89
14040,3487.59,1514,15,12,290.63
16353,6675.71,2006,23,23,290.25
14092,4063.1,2061,17,14,290.22
14595,1740.6,978,6,6,290.1
13456,1737.8200000000002,756,7,6,289.64
13394,2312.8,2215,10,8,289.1
16837,3167.73,1562,12,11,287.98
17211,2299.67,1310,9,8,287.46
13021,2584.4,1336,12,9,287.16
13911,2580.91,2731,9,9,286.77
16098,2005.63,613,7,7,286.52
14035,1428.02,739,5,5,285.6
15858,1427.57,1163,5,5,285.51
13630,1995.68,1377,11,7,285.1
13268,3127.7,3601,15,11,284.34
18257,2265.38,1010,12,8,283.17
14834,1698.35,731,8,6,283.06
16394,1412.06,2317,9,5,282.41
17090,1972.55,902,8,7,281.79
15106,1407.73,1144,7,5,281.55
14099,3092.9700000000003,2177,12,11,281.18
13924,1682.08,1532,11,6,280.35
16271,1398.69,1023,6,5,279.74
16161,5311.08,2490,26,19,279.53
12704,2220.84,1003,10,8,277.6
15426,1386.58,645,7,5,277.32
13769,2771.87,1152,16,10,277.19
13148,3324.62,1818,17,12,277.05
13995,1383.49,867,6,5,276.7
14116,1382.74,707,5,5,276.55
15114,2760.56,3096,10,10,276.06
15984,2759.93,1805,11,10,275.99
15898,1379.63,565,6,5,275.93
17490,1926.8799999999999,1021,11,7,275.27
14653,1926.65,945,7,7,275.24
15569,1375.71,666,5,5,275.14
17696,2201.05,1730,14,8,275.13
13631,3021.77,460,12,11,274.71
12457,1917.78,694,12,7,273.97
14701,2462.94,898,12,9,273.66
13862,2187.31,1682,10,8,273.41
14659,2456.53,1183,12,9,272.95
17284,1636.58,1360,7,6,272.76
12437,4896.66,2917,19,18,272.04
15356,2718.03,1643,10,10,271.8
16726,1358.74,945,5,5,271.75
13588,2445.12,2573,13,9,271.68
17054,1353.83,802,6,5,270.77
16983,1894.82,1322,8,7,270.69
12775,1351.24,853,6,5,270.25
15606,2422.64,720,11,9,269.18
14808,2152.8,2027,15,8,269.1
14341,2151.08,1395,9,8,268.88
15596,1343.34,548,9,5,268.67
14312,1611.59,1012,6,6,268.6
12868,1607.0600000000002,928,6,6,267.84
12783,1603.87,622,8,6,267.31
14032,2929.84,2008,18,11,266.35
17071,2385.48,1182,14,9,265.05
17673,1588.07,1460,7,6,264.68
15514,2907.45,1761,13,11,264.31
13102,6336.29,4160,27,24,264.01
15581,3425.77,282,14,13,263.52
16455,1841.18,988,7,7,263.03
15351,1836.69,721,10,7,262.38
14748,1311.79,1192,6,5,262.36
17634,2358.59,838,9,9,262.07
17611,3924.77,2542,19,15,261.65
12708,2616.32,1270,16,10,261.63
12576,1306.98,964,6,5,261.4
14562,4676.62,1663,22,18,259.81
13018,7272.75,5434,29,28,259.74
14533,1812.6200000000001,2777,9,7,258.95
12600,2581.04,773,11,10,258.1
14047,1290.01,377,7,5,258.0
13199,9803.96,6172,39,38,258.0
14309,2319.68,1619,10,9,257.74
16626,4379.65,2670,20,17,257.63
17861,2056.28,1965,9,8,257.04
13126,2056.29,2130,10,8,257.04
13742,3079.27,1107,14,12,256.61
17663,1788.27,793,9,7,255.47
14711,2809.02,954,12,11,255.37
13704,2295.31,1528,10,9,255.03
16592,4073.28,2914,19,16,254.58
15260,1780.77,861,8,7,254.4
15033,2541.53,1669,11,10,254.15
18075,2538.7200000000003,1437,14,10,253.87
14243,2535.88,1204,14,10,253.59
14511,1267.4099999999999,772,6,5,253.48
16790,1520.1200000000001,892,8,6,253.35
15867,3795.29,2050,16,15,253.02
17644,2768.98,1741,17,11,251.73
14665,1258.38,500,7,5,251.68
16678,3013.83,2368,17,12,251.15
17262,1253.3600000000001,367,5,5,250.67
16719,1753.72,1173,8,7,250.53
16474,1750.6200000000001,884,11,7,250.09
12395,2998.28,2113,15,12,249.86
15281,2239.9500000000003,1193,12,9,248.88
13860,1240.0,589,6,5,248.0
13880,3219.77,1842,13,13,247.67
15854,2969.12,926,12,12,247.43
16710,2467.99,1823,10,10,246.8
14282,3701.44,2656,15,15,246.76
17659,2954.75,1486,14,12,246.23
14211,2208.3,1232,13,9,245.37
14085,4408.54,3176,19,18,244.92
15227,1219.4,750,5,5,243.88
14698,1217.27,602,5,5,243.45
17410,1214.72,616,5,5,242.94
17920,4119.5,2473,17,17,242.32
16059,1453.16,641,6,6,242.19
14428,1209.3700000000001,420,7,5,241.87
14713,2660.1,1611,12,11,241.83
18171,1208.51,477,7,5,241.7
16791,1690.28,753,8,7,241.47
14688,5055.61,3185,27,21,240.74
18144,2888.75,1343,12,12,240.73
14684,1201.51,821,5,5,240.3
13477,1441.53,1018,8,6,240.26
15605,1198.23,441,5,5,239.65
13599,5026.85,3168,33,21,239.37
17193,1674.46,1238,9,7,239.21
13717,1432.26,1958,7,6,238.71
16103,1429.64,558,6,6,238.27
17228,1906.09,1532,8,8,238.26
16996,1427.46,534,9,6,237.91
14730,1897.57,1078,8,8,237.2
17530,2367.12,1514,10,10,236.71
15518,1890.99,1252,13,8,236.37
16919,2592.25,1403,11,11,235.66
17451,1648.95,1178,10,7,235.56
18008,2116.19,1581,9,9,235.13
14404,1409.72,819,7,6,234.95
18077,2584.41,1839,11,11,234.95
12947,1407.29,1157,11,6,234.55
16173,1406.57,571,7,6,234.43
14064,1168.92,1334,7,5,233.78
13755,2101.39,1219,10,9,233.49
14745,1167.16,1020,6,5,233.43
14741,1400.34,841,6,6,233.39
14447,1163.23,571,5,5,232.65
13267,4404.44,1939,27,19,231.81
16954,2085.08,1054,9,9,231.68
14472,1852.67,1135,8,8,231.58
17348,1156.6,1398,5,5,231.32
12423,1849.11,1327,9,8,231.14
16987,1616.8,401,7,7,230.97
12963,1841.03,873,9,8,230.13
13499,1146.96,1358,7,5,229.39
14434,1372.8,368,6,6,228.8
16945,4345.5,2725,19,19,228.71
17770,1143.27,365,5,5,228.65
14178,1600.26,1494,7,7,228.61
12720,5713.28,4654,29,25,228.53
16904,3653.75,1984,16,16,228.36
16912,2508.87,1010,14,11,228.08
16172,1140.21,787,5,5,228.04
16466,1595.96,785,7,7,227.99
17676,1366.77,921,7,6,227.8
17220,3187.55,1897,14,14,227.68
13882,1131.28,950,6,5,226.26
13725,1809.81,659,11,8,226.23
16393,2935.8,1526,20,13,225.83
16042,1127.57,733,7,5,225.51
14507,1352.88,582,7,6,225.48
17470,1125.07,1675,5,5,225.01
13118,1125.0,389,7,5,225.0
13700,2248.63,2281,10,10,224.86
14129,1123.8600000000001,592,5,5,224.77
16332,1572.8,789,8,7,224.69
13534,5613.08,2876,43,25,224.52
17302,1119.93,573,6,5,223.99
13784,2462.79,2493,11,11,223.89
16086,1119.31,510,6,5,223.86
16293,2236.7400000000002,978,12,10,223.67
14534,4025.6,1905,25,18,223.64
17629,1784.12,1621,9,8,223.02
12676,1331.39,670,6,6,221.9
15005,6160.54,4188,35,28,220.02
17966,1098.43,2571,5,5,219.69
17609,1097.48,717,6,5,219.5
16225,1096.32,493,5,5,219.26
18177,1313.6200000000001,704,7,6,218.94
17238,3719.1,1807,17,17,218.77
15906,1521.79,538,8,7,217.4
16076,2173.53,1363,11,10,217.35
15241,1738.59,1815,9,8,217.32
16607,3038.67,2822,16,14,217.05
12919,1301.44,668,8,6,216.91
16931,4554.87,3134,21,21,216.9
16434,1511.8,760,7,7,215.97
13983,2590.46,1170,13,12,215.87
17068,4531.34,2154,22,21,215.78
16326,3014.2200000000003,662,15,14,215.3
15712,1072.3600000000001,486,5,5,214.47
17522,1070.71,1034,5,5,214.14
18118,5567.03,2860,31,26,214.12
16880,1491.43,746,7,7,213.06
13263,7436.93,4768,35,35,212.48
14414,1485.1299999999999,2509,8,7,212.16
14102,1060.33,746,8,5,212.07
18061,2119.41,955,10,10,211.94
16899,1271.06,520,6,6,211.84
16764,2749.9500000000003,1241,18,13,211.53
14239,2323.5,986,13,11,211.23
12584,1893.95,354,18,9,210.44
13715,1051.99,554,8,5,210.4
12843,1680.76,753,9,8,210.1
14502,2310.18,1465,14,11,210.02
12826,1468.1200000000001,1054,8,7,209.73
16011,3352.96,2035,16,16,209.56
15473,1465.2,552,10,7,209.31
16942,1878.51,801,10,9,208.72
18044,2085.65,1032,11,10,208.56
13719,1041.68,609,5,5,208.34
16407,2079.68,1093,10,10,207.97
15214,1661.44,1254,8,8,207.68
16115,1660.8799999999999,994,8,8,207.61
13110,1452.8700000000001,384,8,7,207.55
17042,1036.58,990,5,5,207.32
18221,1033.31,789,6,5,206.66
17293,1854.06,1135,9,9,206.01
16682,1028.0,1040,5,5,205.6
14524,1843.83,669,9,9,204.87
15987,1432.77,1533,7,7,204.68
15953,1632.4299999999998,884,10,8,204.05
13956,1019.27,486,5,5,203.85
15021,1829.23,801,13,9,203.25
17063,1421.59,763,11,7,203.08
17402,2633.85,701,13,13,202.6
17288,1417.63,1201,7,7,202.52
16348,1415.65,805,7,7,202.24
18219,2019.77,883,11,10,201.98
13305,2000.86,1232,10,10,200.09
14214,1000.23,748,7,5,200.05
13208,1199.65,785,7,6,199.94
14776,2195.58,2688,13,11,199.6
15434,997.48,638,6,5,199.5
16241,2590.31,1443,13,13,199.25
14898,1194.11,989,8,6,199.02
17705,1781.12,957,10,9,197.9
13410,988.91,513,7,5,197.78
18237,987.1,622,5,5,197.42
14583,986.96,751,5,5,197.39
16085,981.51,636,5,5,196.3
15453,1371.77,837,7,7,195.97
13752,1175.38,874,6,6,195.9
15132,977.9300000000001,679,5,5,195.59
17126,976.55,778,7,5,195.31
17218,1951.97,955,10,10,195.2
17811,7601.8,4097,51,39,194.92
17377,3883.32,2037,21,20,194.17
18041,4075.12,3749,22,21,194.05
13230,2712.07,1517,15,14,193.72
16949,1161.27,790,7,6,193.54
16458,3482.7400000000002,2154,18,18,193.49
12352,1545.41,470,11,8,193.18
14931,964.6800000000001,416,6,5,192.94
16184,1155.54,560,7,6,192.59
14487,1152.73,711,7,6,192.12
15658,958.9,232,8,5,191.78
13743,1340.1499999999999,1775,8,7,191.45
15058,2102.54,1054,11,11,191.14
15365,1330.45,758,9,7,190.06
17750,1710.45,3747,9,9,190.05
13232,1328.35,773,7,7,189.76
17954,2276.78,2216,16,12,189.73
17940,1897.18,9319,14,10,189.72
13748,948.25,439,5,5,189.65
14810,2085.33,1015,11,11,189.58
15681,946.36,556,6,5,189.27
16989,1133.25,1233,6,6,188.88
14702,3210.29,1429,18,17,188.84
16910,1508.96,884,8,8,188.62
17837,1508.38,507,10,8,188.55
13636,941.62,586,6,5,188.32
17997,1503.09,2053,12,8,187.89
18168,1123.74,583,9,6,187.29
15235,2247.51,1324,12,12,187.29
13026,936.15,1586,8,5,187.23
14723,1122.3600000000001,673,6,6,187.06
16426,1863.76,1215,10,10,186.38
13890,1860.8600000000001,826,14,10,186.09
17757,5573.59,3314,31,30,185.79
16907,928.76,286,5,5,185.75
17965,2599.19,1532,14,14,185.66
14180,4640.77,710,31,25,185.63
15201,927.84,962,11,5,185.57
14825,2221.01,989,12,12,185.08
16929,1295.39,929,7,7,185.06
16744,1291.91,798,7,7,184.56
15373,2213.11,476,13,12,184.43
14738,1289.94,576,9,7,184.28
15916,1466.01,747,10,8,183.25
13104,1098.48,504,6,6,183.08
15253,915.3,864,6,5,183.06
13538,1280.85,175,7,7,182.98
16809,912.74,651,6,5,182.55
14543,2916.17,600,21,16,182.26
14794,1272.11,669,9,7,181.73
14541,1453.35,641,8,8,181.67
14735,5807.6900000000005,2160,34,32,181.49
15511,900.53,269,5,5,180.11
16016,1440.06,600,10,8,180.01
17412,1258.06,738,7,7,179.72
17576,3399.93,1927,22,19,178.94
16531,1244.59,915,7,7,177.8
14948,1066.57,661,7,6,177.76
14573,1590.12,528,13,9,176.68
14462,1942.45,924,15,11,176.59
18116,1403.1100000000001,837,8,8,175.39
14419,1051.79,483,6,6,175.3
14587,1577.39,747,10,9,175.27
14078,1049.37,310,6,6,174.9
13571,2088.94,1757,12,12,174.08
16918,1043.34,708,7,6,173.89
12951,1042.07,500,8,6,173.68
15208,867.62,314,6,5,173.52
15134,1387.99,887,8,8,173.5
14623,866.8000000000001,416,6,5,173.36
12691,1035.8,394,6,6,172.63
15660,1552.01,1037,12,9,172.45
14553,859.27,493,5,5,171.85
16235,858.41,328,6,5,171.68
16782,2230.3,696,19,13,171.56
16365,1540.42,504,9,9,171.16
17162,1707.21,1000,11,10,170.72
17346,2557.9,1599,16,15,170.53
18065,2380.08,1024,15,14,170.01
12828,1018.71,494,6,6,169.78
15996,1016.6800000000001,378,7,6,169.45
13728,1016.14,458,6,6,169.36
16638,1676.47,1254,11,10,167.65
17372,1337.18,747,8,8,167.15
13695,2504.13,1603,15,15,166.94
15508,1000.27,440,6,6,166.71
14704,1493.96,1043,9,9,166.0
16813,1652.18,1501,10,10,165.22
15271,2472.09,1246,16,15,164.81
17368,1315.72,666,9,8,164.46
14878,1476.09,799,9,9,164.01
15024,1636.43,902,10,10,163.64
14071,1306.16,899,9,8,163.27
17315,6193.43,3831,43,38,162.99
17135,1139.73,1224,7,7,162.82
12494,1139.3500000000001,690,13,7,162.76
17214,974.12,271,7,6,162.35
16359,1460.3700000000001,1154,12,9,162.26
13012,1296.6200000000001,667,11,8,162.08
16928,2748.6,2072,19,17,161.68
13184,1616.45,1632,12,10,161.65
16817,1446.95,762,13,9,160.77
13138,962.39,473,6,6,160.4
16438,798.35,463,5,5,159.67
12523,1745.57,861,13,11,158.69
17562,1107.38,813,8,7,158.2
16419,945.96,427,7,6,157.66
13323,787.85,175,5,5,157.57
14901,1414.99,659,10,9,157.22
17227,939.32,741,6,6,156.55
13884,781.3000000000001,297,6,5,156.26
17850,5303.4800000000005,1696,35,34,155.98
14744,1088.53,625,9,7,155.5
17870,1860.94,1350,13,12,155.08
13069,3713.14,5454,27,24,154.71
12841,3845.63,2646,26,25,153.83
16775,1691.51,439,11,11,153.77
15910,1228.88,1013,8,8,153.61
17516,764.88,414,5,5,152.98
13468,5656.75,2581,41,37,152.89
17236,916.13,474,6,6,152.69
13610,1065.88,486,9,7,152.27
14289,911.26,292,6,6,151.88
12464,1212.05,112,8,8,151.51
13782,908.86,369,6,6,151.48
17287,1049.06,556,7,7,149.87
16891,742.43,265,5,5,148.49
12599,1032.58,956,7,7,147.51
15059,1325.82,602,11,9,147.31
18236,882.24,403,6,6,147.04
13575,732.0699999999999,449,5,5,146.41
16770,731.9,444,6,5,146.38
17007,877.4300000000001,587,7,6,146.24
12723,725.07,434,5,5,145.01
17109,865.9300000000001,572,8,6,144.32
15855,712.24,470,5,5,142.45
13094,1708.8600000000001,1542,16,12,142.4
16027,852.12,1146,7,6,142.02
13991,847.54,993,7,6,141.26
16877,846.62,458,6,6,141.1
17790,1964.3,835,14,14,140.31
14527,7709.69,2048,86,55,140.18
15737,1121.21,584,12,8,140.15
13509,979.72,1106,7,7,139.96
17894,1118.96,404,8,8,139.87
16168,3770.6,1888,28,27,139.65
17027,835.86,410,7,6,139.31
18135,681.9100000000001,349,5,5,136.38
13524,680.1800000000001,324,5,5,136.04
12748,28405.56,23749,223,209,135.91
16600,813.52,1145,6,6,135.59
14397,2556.68,1852,23,19,134.56
12778,804.23,824,7,6,134.04
15400,666.7,360,6,5,133.34
17800,1187.21,732,9,9,131.91
13549,916.12,457,8,7,130.87
13623,652.4,278,7,5,130.48
12877,1535.77,1178,12,12,127.98
18283,2045.53,1357,16,16,127.85
17323,894.44,754,9,7,127.78
12971,10930.26,9203,89,86,127.1
12569,4064.9900000000002,1793,35,32,127.03
14883,756.64,789,7,6,126.11
16362,627.29,314,9,5,125.46
14606,11633.35,5941,128,93,125.09
16750,623.93,214,5,5,124.79
16266,861.89,398,7,7,123.13
13117,984.91,945,8,8,123.11
16566,614.01,361,6,5,122.8
13491,1215.82,903,10,10,121.58
18241,2058.09,1047,18,17,121.06
15611,1568.39,498,15,13,120.65
15860,965.16,437,8,8,120.64
12654,601.98,264,5,5,120.4
15602,1083.63,997,15,9,120.4
18211,600.07,359,5,5,120.01
16794,1175.3,919,12,10,117.53
15827,1641.48,842,20,14,117.25
17097,937.92,457,9,8,117.24
12601,569.5600000000001,244,6,5,113.91
14217,1925.3600000000001,677,24,17,113.26
14083,1002.9,705,9,9,111.43
14344,889.9300000000001,477,8,8,111.24
17874,658.26,209,7,6,109.71
14976,765.86,230,8,7,109.41
15038,645.84,182,7,6,107.64
16725,752.32,287,8,7,107.47
16915,621.6800000000001,132,6,6,103.61
16306,602.27,471,9,6,100.38
17848,901.1999999999999,398,9,9,100.13
14077,499.41999999999996,268,5,5,99.88
14560,2174.18,1223,24,22,98.83
14201,688.04,578,9,7,98.29
16892,489.49,232,7,5,97.9
13984,488.03,271,6,5,97.61
15081,487.35,188,6,5,97.47
17867,583.52,219,8,6,97.25
17114,739.72,206,10,8,92.46
13092,459.83,271,6,5,91.97
15881,438.24,199,8,5,87.65
17869,428.18,111,5,5,85.64
15304,680.3,100,10,8,85.04
15938,404.58,240,5,5,80.92
15809,399.21,251,6,5,79.84
17460,452.63,176,8,6,75.44
16500,400.86,123,6,6,66.81
17888,515.73,424,10,8,64.47
14410,573.45,288,15,9,63.72
17912,294.65999999999997,182,6,5,58.93
16668,306.71999999999997,318,6,6,51.12
16321,230.70000000000002,78,7,5,46.14
13079,220.10000000000002,62,5,5,44.02
15107,247.66,161,8,6,41.28
17961,1296.44,560,39,39,33.24
17988,191.17000000000002,42,8,7,27.31
18037,70.02,20,6,6,11.67
